{
  "ann": 0.8159743748708411,
  "bigru": 0.9168216573672247,
  "bilstm": 0.8582351725563133,
  "lstm": 0.4096920851415582,
  "cnn": 0.8040917544947304,
  "cnn_lstm": 0.814941103533788,
  "cnn_bilstm": 0.919611489977268,
  "cnn_mamba": null,
  "CNN-Mamba (cnn4,m1,d0.4 grid)": 0.9238479024591858,
  "CNN-Mamba (cnn3,m1,d0.2 abl)": 0.9201281256457946
}