,name,n,mean,std,min,p25,p50,p75,p95,max
track_length_steps,track_length_steps,25296,283.1764310562935,195.63180840225445,3.0,136.0,240.0,355.0,712.0,720.0
track_duration_sec,track_duration_sec,25296,3623.38117295235,2093.0939515685154,31.765000104904146,2109.5072499513626,3184.6764999628067,4736.634000062943,7130.0,7200.0
inter_sample_dt_sec,inter_sample_dt_sec,7137935,12.84083564098057,4.518632322595637,10.012999773025513,10.013999938964844,10.01500010490372,20.056999921797342,20.07099986076355,26.66700005531311
lat,lat,7163231,19.95884677316255,0.3841186903360247,-1.247167,19.763919,19.964073,20.180978,20.478959500000002,26.877261
lon,lon,7163231,130.9775710518069,0.5118910337036622,123.232546,130.74918,130.979502,131.205841,131.782567,136.648351
vel,vel,7163231,57.310182003510576,199.31082374570698,0.005068,28.734323500000002,47.134542,71.8852055,114.224457,63257.006765
cou,cou,7163231,179.84681886074176,104.28247521732777,8e-05,89.146199,179.739149,270.5426555,342.1092245,359.999941
