{
  "position_error_m": {
    "n": 1045216,
    "mean": 1013.6770622344698,
    "std": 1599.2271258744472,
    "p50": 276.8128822072291,
    "p95": 4049.8491998136983,
    "max": 116030.43160987516
  },
  "velocity_diff_knot": {
    "n": 1045216,
    "mean": 53.72012121770309,
    "std": 116.05307970003204,
    "p50": 44.1045088510449,
    "p95": 111.79142999999999,
    "max": 27848.984020156815
  },
  "course_diff_deg": {
    "n": 1045216,
    "mean": 81.59627032161195,
    "std": 52.08719587081552,
    "p50": 76.72571632044676,
    "p95": 169.0994761414403,
    "max": 179.99991068518636
  }
}